{
  "snr_db": 0.8075881600379944,
  "dynamic_range_db": 55.89088821411133,
  "peak_intensity": 342367744.0,
  "mean_intensity": 1304993.875,
  "enl": 0.026160456240177155
}