{
  "dynamic_range_db": 55.89088821411133,
  "shadow_contrast_db": 2.821974754333496
}