{
  "snr_db": 25.811931610107422,
  "dynamic_range_db": 59.011497497558594,
  "peak_intensity": 10253817.0,
  "mean_intensity": 41426.1484375,
  "enl": 0.007285154424607754
}