{
  "dynamic_range_db": 59.011497497558594,
  "shadow_contrast_db": -19.671276092529297
}