{
  "snr_db": 28.404653549194336,
  "dynamic_range_db": 79.72528839111328,
  "peak_intensity": 58852212736.0,
  "mean_intensity": 8618042.0,
  "pslr_range_db": -26.97810173034668,
  "islr_range_db": -20.182090759277344,
  "pslr_azimuth_db": -13.225730895996094,
  "islr_azimuth_db": -9.7031831741333,
  "pslr_db": -26.97810173034668,
  "islr_db": -20.182090759277344,
  "enl": 0.00024560908786952496
}