{
  "snr_db": -0.2893790900707245,
  "dynamic_range_db": 54.65805435180664,
  "peak_intensity": 294388512.0,
  "mean_intensity": 923541.8125,
  "enl": 0.021805884316563606
}