{
  "dynamic_range_db": 54.65805435180664,
  "shadow_contrast_db": -0.5853914618492126
}