{
  "snr_db": -0.29863443970680237,
  "dynamic_range_db": 52.84033203125,
  "peak_intensity": 298541088.0,
  "mean_intensity": 942930.9375,
  "enl": 0.022681090980768204
}