{
  "dynamic_range_db": 52.84033203125,
  "shadow_contrast_db": 0.43950870633125305
}